key,energy,dist,weather,supplies,shelter,strategy,runner_up,margin,ambiguous,score_DIRECT,score_SHELTERED,score_SURVEY,score_GATHER,score_WAIT,score_RETURN
0|0|0|0|0,0,0,0,0,0,SURVEY,GATHER,0.007187197349227126,True,0.37454683057136984,0.4821614583364003,0.6333326760129371,0.62614547866371,0.5826145890031894,0.5525837216120564
0|0|0|0|1,0,0,0,0,1,SURVEY,GATHER,0.013826609561767511,True,0.36014288071643913,0.503423482120462,0.6672791428605386,0.6534525332987711,0.6015303378027687,0.5620766361530771
0|0|0|0|2,0,0,0,0,2,SURVEY,GATHER,0.013322135255617096,True,0.33519236387102364,0.5034054700276591,0.687428154416761,0.6741060191611439,0.6093608761888302,0.5643969221471948
0|0|0|1|0,0,0,0,1,0,SURVEY,GATHER,0.008643004542569499,True,0.43815897788522706,0.49304130165379423,0.5262654860949281,0.5176224815523586,0.5104234760683554,0.5106566759988469
0|0|0|1|1,0,0,0,1,1,SURVEY,GATHER,0.025339432306373477,False,0.41927833149186744,0.5187570286905965,0.5769544337726565,0.5516150014662831,0.533783113852961,0.5228778142478524
0|0|0|1|2,0,0,0,1,2,SURVEY,GATHER,0.028912897996132392,False,0.38683965301981266,0.5146916111739526,0.6106520226767702,0.5817391246806378,0.5458268242480526,0.5271101874448054
0|0|0|2|0,0,0,0,2,0,RETURN,SHELTERED,0.0019492804681612852,True,0.4685964367656601,0.49176470316887166,0.489164927196628,0.4631259668797778,0.4779528401620777,0.49371398363703295
0|0|0|2|1,0,0,0,2,1,SURVEY,SHELTERED,0.0314315045181951,False,0.4478021162021069,0.516848984187897,0.5482804887060921,0.50256117537276,0.5031616069110751,0.5060379552381842
0|0|0|2|2,0,0,0,2,2,SURVEY,GATHER,0.04978174577928807,False,0.4100148627147408,0.5031064491009977,0.5880795300853213,0.5382977843060333,0.5147517339217637,0.5083295565665422
0|0|1|0|0,0,0,1,0,0,SURVEY,GATHER,0.0007271170128553273,True,0.38234117164208864,0.47337775073385063,0.583395044781198,0.5826679277683426,0.5474468278357965,0.5431308734927035
0|0|1|0|1,0,0,1,0,1,SURVEY,GATHER,0.010444301153402669,True,0.3679678026149018,0.5425404181369838,0.6145686916727143,0.6041243905193117,0.5989117877547266,0.5600290281025572
0|0|1|0|2,0,0,1,0,2,SURVEY,WAIT,0.00832837041974488,True,0.34929865074670674,0.6025580892896679,0.6433596464323009,0.6226912496864652,0.635031276012556,0.5752557569016251
0|0|1|1|0,0,0,1,1,0,RETURN,SHELTERED,0.008136050576063425,True,0.44561343955158156,0.49451378535954854,0.4714900397623277,0.4758171833535444,0.4749553021307985,0.502649835935612
0|0|1|1|1,0,0,1,1,1,SHELTERED,WAIT,0.0386393541281671,False,0.4269600219877822,0.5722206345376354,0.5147263280923156,0.5022503706626782,0.5335812804094683,0.5232713417043572
0|0|1|1|2,0,0,1,1,2,SHELTERED,WAIT,0.06242202074541703,False,0.4030574297831265,0.6397193231519513,0.5569408655998797,0.5276653518105175,0.5772973024065343,0.5423578410660912
0|0|1|2|0,0,0,1,2,0,SHELTERED,RETURN,0.016997020248899486,False,0.47370994094720686,0.506347587103022,0.43571318096927847,0.42099084360638717,0.4437455492203546,0.4893505668541225
0|0|1|2|1,0,0,1,2,1,SHELTERED,RETURN,0.08195887863193907,False,0.4532301396123939,0.5934286109643604,0.48364609517406426,0.4508499570419182,0.5089310749537221,0.5114697323324213
0|0|1|2|2,0,0,1,2,2,SHELTERED,WAIT,0.11292959891727439,False,0.42647058188432835,0.6705441113892293,0.5313819631625307,0.480214379533636,0.5576145124719549,0.5321249513733917
0|0|2|0|0,0,0,2,0,0,GATHER,SURVEY,0.003646027899686488,True,0.3860986004953326,0.4587628462511308,0.5507118466895483,0.5543578745892348,0.5130303906625614,0.5394274537123729
0|0|2|0|1,0,0,2,0,1,WAIT,SURVEY,0.007535302107668174,True,0.3663236393338165,0.5556479886606847,0.5834615200071189,0.5764466784511054,0.5909968221147871,0.5640857408937104
0|0|2|0|2,0,0,2,0,2,WAIT,SHELTERED,0.007729545266687232,True,0.3473926527184813,0.6307800281004078,0.61211892508125,0.5956693401014551,0.638509573367095,0.5833912823126446
0|0|2|1|0,0,0,2,1,0,RETURN,SHELTERED,0.012224023545884144,True,0.4442266572676662,0.4938819452408856,0.44780622524398656,0.45799820574494093,0.4502038669998553,0.5061059687867697
0|0|2|1|1,0,0,2,1,1,SHELTERED,RETURN,0.060485957307000016,False,0.4211370038578748,0.5927751505305272,0.4899281462298072,0.4839750342723127,0.5305188023638246,0.5322891932235272
0|0|2|1|2,0,0,2,1,2,SHELTERED,WAIT,0.08872284016461895,False,0.39996107088678784,0.6706374425454226,0.5250953337904981,0.5044950631426645,0.5819146023808036,0.5521288186552729
0|0|2|2|0,0,0,2,2,0,SHELTERED,RETURN,0.01626398727999584,False,0.4675013036329845,0.5147675125376276,0.42035756890975196,0.40971291381536623,0.424960304039484,0.4985035252576318
0|0|2|2|1,0,0,2,2,1,SHELTERED,RETURN,0.09606951529547436,False,0.4449165533792151,0.6190024086396814,0.4605758317868719,0.4343170917009537,0.5077009498236498,0.522932893344207
0|0|2|2|2,0,0,2,2,2,SHELTERED,WAIT,0.14347691486345227,False,0.4216516460980085,0.7074960704308003,0.4997471686741077,0.4579242891376526,0.564019155567348,0.5442653496098919
0|1|0|0|0,0,1,0,0,0,GATHER,SURVEY,0.021905655303497418,False,0.32738774786922037,0.47726395069462585,0.6378742090193582,0.6597798643228556,0.6152566265991039,0.581210134787362
0|1|0|0|1,0,1,0,0,1,GATHER,SURVEY,0.014656157362188726,True,0.31443013012589,0.49370042427453337,0.6728568833192605,0.6875130406814493,0.6341880449795807,0.5900893746419111
0|1|0|0|2,0,1,0,0,2,GATHER,SURVEY,0.013067241643119454,True,0.2918675907444837,0.4896104540288339,0.6931632539002566,0.706230495543376,0.6403176146578938,0.5908958563618131
0|1|0|1|0,0,1,0,1,0,SURVEY,GATHER,0.0023842184590286974,True,0.38807167930116926,0.4857253688455392,0.5629594646373047,0.560575246178276,0.5512658633314017,0.5469068191998868
0|1|0|1|1,0,1,0,1,1,SURVEY,GATHER,0.01709309298411721,False,0.37046462086130705,0.5046337869421805,0.6120668481581368,0.5949737551740196,0.5746405867505077,0.5584539735739563
0|1|0|1|2,0,1,0,1,2,SURVEY,GATHER,0.020318818077363354,False,0.34013532349863324,0.4947442233201338,0.6435039956953471,0.6231851776179838,0.5846834416297821,0.560695813898748
0|1|0|2|0,0,1,0,2,0,SURVEY,RETURN,0.0030927555013633423,True,0.41731614772296444,0.48212793208955607,0.535624794743288,0.5072876891613377,0.5206326325427417,0.5325320392419246
0|1|0|2|1,0,1,0,2,1,SURVEY,GATHER,0.045448250556075376,False,0.397701114531406,0.4990472087899746,0.5930553735512447,0.5476071229951693,0.5461131541105559,0.5443202971188849
0|1|0|2|2,0,1,0,2,2,SURVEY,GATHER,0.04877729932535957,False,0.36195548384728293,0.4781903292157364,0.6302785890130929,0.5815012896877333,0.5554215697475263,0.5442753624784451
0|1|1|0|0,0,1,1,0,0,GATHER,SURVEY,0.030925397967964785,False,0.3353155423876347,0.46869511948112064,0.5831631704965624,0.6140885684645272,0.5819469615058762,0.5751820599168176
0|1|1|0|1,0,1,1,0,1,GATHER,WAIT,0.0011464608632519857,True,0.32227036767592754,0.5362754074051694,0.6165808600323252,0.6357917328096907,0.6346452719464387,0.5913841155280422
0|1|1|0|2,0,1,1,0,2,WAIT,GATHER,0.016527122387064552,False,0.3053500770367471,0.595219215205923,0.6468415462575238,0.6533643590167076,0.6698914814037722,0.6057620016031325
0|1|1|1|0,0,1,1,1,0,RETURN,WAIT,0.02528629452924447,False,0.39608160453093433,0.488435312612696,0.504125852483415,0.5162558907848455,0.5165551040762574,0.5418413986055018
0|1|1|1|1,0,1,1,1,1,WAIT,SHELTERED,0.01210952242706198,True,0.3785301997279277,0.5646729984531496,0.547884640043731,0.5429702963871126,0.5767825208802115,0.56181091612186
0|1|1|1|2,0,1,1,1,2,SHELTERED,WAIT,0.011196132069091536,True,0.35601449272490066,0.6309536202581855,0.5894025240408634,0.5674504525922938,0.6197574881890939,0.579950567183079
0|1|1|2|0,0,1,1,2,0,RETURN,SHELTERED,0.03094032198321406,False,0.4233482148291387,0.5001899158371629,0.47754551037558846,0.46220172122084674,0.48671211929167946,0.5311302378203769
0|1|1|2|1,0,1,1,2,1,SHELTERED,WAIT,0.032239512311395435,False,0.4038512060927233,0.5864081318562968,0.5262084366846806,0.49269584353195905,0.5541686195449014,0.5527641567934113
0|1|1|2|2,0,1,1,2,2,SHELTERED,WAIT,0.05999652390389121,False,0.3783059293486152,0.6623760996420721,0.5732750139536912,0.521329034770484,0.6023795757381809,0.5725517794936351
0|1|2|0|0,0,1,2,0,0,GATHER,RETURN,0.009351943867839663,True,0.3394244861158591,0.45356735613131177,0.5456674899325525,0.5837628056312281,0.5474784394598525,0.5744108617633884
0|1|2|0|1,0,1,2,0,1,WAIT,GATHER,0.023060260777157282,False,0.32120649283554753,0.551295582073962,0.5818059175003089,0.6055463757523949,0.6286066365295522,0.5981889817410934
0|1|2|0|2,0,1,2,0,2,WAIT,SHELTERED,0.04909933357039853,False,0.30396491944538107,0.6261350998485818,0.6127088780597777,0.6239639115253759,0.6752344334189804,0.6165209385525854
0|1|2|1|0,0,1,2,1,0,RETURN,GATHER,0.05116866410698612,False,0.3954855784788646,0.4888640552600538,0.47587413520786176,0.4965838103435704,0.49120140949434726,0.5477524744505565
0|1|2|1|1,0,1,2,1,1,SHELTERED,WAIT,0.013867267546542883,True,0.37357976252957353,0.5887821659921405,0.5190192311776637,0.5222845195159441,0.5749148984455976,0.5731860658974011
0|1|2|1|2,0,1,2,1,2,SHELTERED,WAIT,0.040152138921110136,False,0.35359190876897695,0.6658947971436213,0.554244985884963,0.5418048489568188,0.6257426582225112,0.5920863796256454
0|1|2|2|0,0,1,2,2,0,RETURN,SHELTERED,0.03135007558463443,False,0.41818935132097995,0.5114089567386503,0.4573133259774666,0.4491776644029784,0.46719052737676803,0.5427590323232847
0|1|2|2|1,0,1,2,2,1,SHELTERED,RETURN,0.050313492497938594,False,0.3965722917686965,0.6169531588868221,0.4984675252259589,0.4736329593650652,0.5540041239664151,0.5666396663888835
0|1|2|2|2,0,1,2,2,2,SHELTERED,WAIT,0.09472437082207663,False,0.37431125906039997,0.7047925707673461,0.5377639523023758,0.4964458544804606,0.6100681999452695,0.5871243180006976
0|2|0|0|0,0,2,0,0,0,GATHER,WAIT,0.04819566083603144,False,0.2658792201260726,0.4701047661370294,0.6439172300133653,0.6982371690164504,0.650041508180419,0.6109524292411682
0|2|0|0|1,0,2,0,0,1,GATHER,SURVEY,0.04721642969078921,False,0.2549578865655985,0.48172903389951593,0.6792288087297191,0.7264452384205083,0.6690543184592849,0.6187425226186326
0|2|0|0|2,0,2,0,0,2,GATHER,SURVEY,0.04288205115674626,False,0.23583751729188637,0.47388493420532224,0.6993099786914864,0.7421920298482326,0.6729963166085733,0.6174100214971717
0|2|0|1|0,0,2,0,1,0,GATHER,SURVEY,0.007790290405891076,True,0.31932215816474074,0.47483804495078813,0.6082600608998974,0.6160503513057884,0.6010734672734529,0.5886930304987766
0|2|0|1|1,0,2,0,1,1,SURVEY,GATHER,0.0036704276958555715,True,0.3038397311237563,0.4865232706739177,0.6542284958344586,0.6505580681386031,0.624135656592618,0.5987163742013659
0|2|0|1|2,0,2,0,1,2,SURVEY,GATHER,0.007063818024475532,True,0.2772843995177363,0.47104903277949695,0.6820281653160235,0.674964347291548,0.6307466952229869,0.5977319975964447
0|2|0|2|0,0,2,0,2,0,SURVEY,RETURN,0.018159017928376375,False,0.3458254202415325,0.4675670791954651,0.5968857115411703,0.5662631928268405,0.5745615937982933,0.5787266936127939
0|2|0|2|1,0,2,0,2,1,SURVEY,GATHER,0.04368378230422498,False,0.3283055044515002,0.4755034959345791,0.6507369544661136,0.6070531721618886,0.5999345390740075,0.5890304746802381
0|2|0|2|2,0,2,0,2,2,SURVEY,GATHER,0.04661242706679691,False,0.2965848883288319,0.4477151634205038,0.6833996259272428,0.6367871988604459,0.6050394550844588,0.5850834481926672
0|2|1|0|0,0,2,1,0,0,GATHER,WAIT,0.02850037306639508,False,0.2732496684259898,0.4623994709220373,0.5842388550958587,0.650566123215862,0.622065750149467,0.6120538826289937
0|2|1|0|1,0,2,1,0,1,WAIT,GATHER,0.0038328225382686654,True,0.26212418991047637,0.5281600187967936,0.6194457946883211,0.6724087848819857,0.6762416074202544,0.6268917350397294
0|2|1|0|2,0,2,1,0,2,WAIT,GATHER,0.02174454916007673,False,0.24772441432451664,0.5860230658724401,0.6507590405635064,0.6883336573110135,0.7100782064710902,0.6397641429376933
0|2|1|1|0,0,2,1,1,0,RETURN,WAIT,0.020348262482424384,False,0.3273461566964025,0.47957534411752517,0.544668345199425,0.5688077183820713,0.5703220529902738,0.5906703154726982
0|2|1|1|1,0,2,1,1,1,WAIT,RETURN,0.023277954903585307,False,0.3117141552447147,0.5540785759998775,0.5880967569565185,0.5953370451570239,0.6322355007989677,0.6089575458953824
0|2|1|1|2,0,2,1,1,2,WAIT,SURVEY,0.045513156020051126,False,0.29182344843648184,0.6191674668751606,0.62786800692661,0.6176139502771625,0.6733811629466612,0.6251758386088446
0|2|1|2|0,0,2,1,2,0,RETURN,WAIT,0.04071324392427256,False,0.3524031007563606,0.49038420695849017,0.5326977045724991,0.5176680253235042,0.5440639032570194,0.5847771471812919
0|2|1|2|1,0,2,1,2,1,WAIT,RETURN,0.00916879908461432,True,0.33475466080152116,0.5753217766012138,0.5813605944399809,0.5481431217109156,0.613967366430978,0.6047985673463637
0|2|1|2|2,0,2,1,2,2,WAIT,SHELTERED,0.010494365650093318,True,0.3118529511249314,0.6499672369252336,0.6265560232460516,0.5745325269012236,0.6604616025753269,0.6226738107079255
0|2|2|0|0,0,2,2,0,0,GATHER,RETURN,0.0007099046181548996,True,0.2772056692071517,0.4471638731450231,0.5411880546915204,0.6180040916327643,0.5894134964938345,0.6172941870146094
0|2|2|0|1,0,2,2,0,1,WAIT,RETURN,0.03546003650108576,False,0.2613990233326737,0.5455906874575275,0.5805634001068029,0.6390766454140058,0.6747142041792694,0.6392541676781837
0|2|2|0|2,0,2,2,0,2,WAIT,GATHER,0.06359984790607653,False,0.24664353454950114,0.6200797174444014,0.6134912157257979,0.6561314250245996,0.7197312729306762,0.6557959306386775
0|2|2|1|0,0,2,2,1,0,RETURN,GATHER,0.055609235120396394,False,0.32736302116216287,0.4817728089396689,0.5106947956287001,0.5466529806506777,0.5457142864905125,0.6022622157710741
0|2|2|1|1,0,2,2,1,1,WAIT,RETURN,0.00815953487780241,True,0.30766002481223764,0.5826976096911743,0.5540114725667146,0.5711508056356578,0.6338715205620606,0.6257119856842582
0|2|2|1|2,0,2,2,1,2,WAIT,SHELTERED,0.024078826595412717,False,0.28997278740563925,0.6589290078031977,0.5885381565378515,0.5884638083687591,0.6830078343986105,0.6426490927113674
0|2|2|2|0,0,2,2,2,0,RETURN,WAIT,0.07738046492789152,False,0.3483458573058899,0.5056990929444098,0.5057926537630497,0.5021741690223374,0.5249626032304222,0.6023430681583137
0|2|2|2|1,0,2,2,2,1,RETURN,WAIT,0.0072834362792951746,True,0.3286530702860565,0.6122973709203939,0.5470274732578025,0.5252929569242141,0.617160805461381,0.6244442417406761
0|2|2|2|2,0,2,2,2,2,SHELTERED,WAIT,0.027235141302342725,False,0.30866650090653625,0.6989763713111421,0.5855895796219638,0.5459135872879827,0.6717412300087994,0.6430149700819572
1|0|0|0|0,1,0,0,0,0,SURVEY,GATHER,0.04178063389259101,False,0.4524794676467011,0.4559330769145483,0.5895860503092663,0.5478054164166752,0.4880959989322854,0.45814363689644677
1|0|0|0|1,1,0,0,0,1,SURVEY,GATHER,0.05174887435355435,False,0.43669402555942627,0.48992532546489875,0.6259045219217855,0.5741556475682311,0.5090680306407864,0.4684052569423519
1|0|0|0|2,1,0,0,0,2,SURVEY,GATHER,0.05333443896353551,False,0.4063464506973582,0.5000308640018932,0.6501704038105897,0.5968359648470541,0.5175205796773324,0.4693941621547101
1|0|0|1|0,1,0,0,1,0,DIRECT,SHELTERED,0.05287121957004859,False,0.5313694435872276,0.478498224017179,0.43167212964985857,0.41296604835212664,0.3976079592518694,0.40362180933115366
1|0|0|1|1,1,0,0,1,1,SHELTERED,DIRECT,0.007833417238648388,True,0.511485765506526,0.5193191827451744,0.4916441153363503,0.4453178738738604,0.42179337102535885,0.4149977754027479
1|0|0|1|2,1,0,0,1,2,SURVEY,SHELTERED,0.011847877040598642,True,0.471569404777071,0.5240288195783773,0.535876696618976,0.47823289616945625,0.4324724588772315,0.41517189310721664
1|0|0|2|0,1,0,0,2,0,DIRECT,SHELTERED,0.09414108858994574,False,0.5783383718026095,0.48419728321266375,0.3741459684598451,0.3303345848152955,0.3449970976552506,0.3724031974463347
1|0|0|2|1,1,0,0,2,1,DIRECT,SHELTERED,0.03153931646253805,False,0.557745869315119,0.526206552852581,0.4437004095827429,0.36621083683180866,0.3685394568784392,0.3806088006852799
1|0|0|2|2,1,0,0,2,2,SHELTERED,DIRECT,0.0071146652875085925,True,0.5099403585603067,0.5170550238478153,0.4959036074922966,0.40466406897246837,0.3737854321368804,0.37267545495480536
1|0|1|0|0,1,0,1,0,0,SURVEY,GATHER,0.031768635927579836,False,0.4527479417323531,0.45234876047778044,0.5559193684480181,0.5241507325204383,0.4668626423104963,0.46044042451480044
1|0|1|0|1,1,0,1,0,1,SURVEY,GATHER,0.039352944787158894,False,0.438481101649386,0.5253834843339203,0.5811109679528375,0.5417580231656786,0.5190087818600418,0.4781622756246233
1|0|1|0|2,1,0,1,0,2,SURVEY,SHELTERED,0.017919198806498615,False,0.41912495158774854,0.5890460036649915,0.6069652024714901,0.5582149641980924,0.5591642646351599,0.4943191074599708
1|0|1|1|0,1,0,1,1,0,DIRECT,SHELTERED,0.042445597394197176,False,0.5271429937188573,0.48469739632466013,0.39848675671264244,0.39595372994687295,0.3816614850742113,0.41229071602343415
1|0|1|1|1,1,0,1,1,1,SHELTERED,DIRECT,0.057625560741289106,False,0.5089475068253639,0.566573067566653,0.4381616485787279,0.41802030200861506,0.4415903013603738,0.4332298963047066
1|0|1|1|2,1,0,1,1,2,SHELTERED,WAIT,0.14837904736676194,False,0.4843006206146001,0.6382297740988377,0.4811118400486321,0.44092213987663714,0.4898507267320758,0.4529047126513791
1|0|1|2|0,1,0,1,2,0,DIRECT,SHELTERED,0.06271455259774972,False,0.5648611238509492,0.5021465712531995,0.3506811413910802,0.3234144164496324,0.33983558925875745,0.3927561270482714
1|0|1|2|1,1,0,1,2,1,SHELTERED,DIRECT,0.04918966964891136,False,0.5451139792368392,0.5943036488857506,0.3944801476948674,0.3482058126613191,0.407785589118165,0.41476640384388835
1|0|1|2|2,1,0,1,2,2,SHELTERED,DIRECT,0.16004734555910405,False,0.517316211006461,0.677363556565565,0.4430654507982962,0.37481658926791833,0.46221512317021335,0.43564835223935117
1|0|2|0|0,1,0,2,0,0,SURVEY,GATHER,0.028343087691424795,False,0.44486749292235284,0.4580746016608225,0.5452599342447582,0.5169168465533334,0.45669953184196943,0.4753335541858003
1|0|2|0|1,1,0,2,0,1,SURVEY,SHELTERED,0.02030895401832644,False,0.42887551035036453,0.5441231209462635,0.5644320749645899,0.530365804669352,0.5234156340692522,0.4952141295156798
1|0|2|0|2,1,0,2,0,2,SHELTERED,SURVEY,0.030657665583995297,False,0.4119129263371585,0.6147475783966985,0.5840899128127032,0.5432748707795991,0.5701742960402897,0.5119994853750728
1|0|2|1|0,1,0,2,1,0,DIRECT,SHELTERED,0.024094832566895874,False,0.5158263469516631,0.4917315143847672,0.3933283388558271,0.394140889312259,0.37485714223281813,0.4302503408730983
1|0|2|1|1,1,0,2,1,1,SHELTERED,DIRECT,0.09042067629762868,False,0.4954517925820436,0.5858724688796723,0.42604503241727304,0.41287444904751075,0.44923885312596945,0.45362519285938135
1|0|2|1|2,1,0,2,1,2,SHELTERED,WAIT,0.15993911701515873,False,0.47399847371893417,0.6638651066860395,0.4596500501425193,0.43160104651481895,0.5039259896708808,0.4740057021616483
1|0|2|2|0,1,0,2,2,0,DIRECT,SHELTERED,0.03723422940389509,False,0.5489081295292993,0.5116739001254043,0.3500469574577115,0.3268230077831746,0.33654723993235797,0.4150702817586185
1|0|2|2|1,1,0,2,2,1,SHELTERED,DIRECT,0.09038589822709042,False,0.5264535457396361,0.6168394439667265,0.38632294390315586,0.3484440603957782,0.41991705366380727,0.4398503616216058
1|0|2|2|2,1,0,2,2,2,SHELTERED,DIRECT,0.2033548029607456,False,0.5027729304416113,0.7061277334023569,0.4239698024340927,0.37022271193471096,0.48050610550153827,0.46160346739024577
1|1|0|0|0,1,1,0,0,0,SURVEY,GATHER,0.008639883188799824,True,0.4006069246024209,0.4453793763783126,0.5929731308498357,0.5843332476610359,0.5232970881898003,0.48905776650808275
1|1|0|0|1,1,1,0,0,1,SURVEY,GATHER,0.020339059564881357,False,0.38607208906213186,0.4731252035492162,0.6317842468488694,0.611445187283988,0.5449613778135781,0.4991129757230435
1|1|0|0|2,1,1,0,0,2,SURVEY,GATHER,0.024597879176891158,False,0.35797998829542294,0.4778775949896197,0.656937977735923,0.6323400985590318,0.5518823957829324,0.49870048987692167
1|1|0|1|0,1,1,0,1,0,DIRECT,SURVEY,0.0017005550553114701,True,0.4778940587601261,0.46439082479440635,0.4761935037048146,0.4568617621414473,0.4386720058855381,0.4408930409110825
1|1|0|1|1,1,1,0,1,1,SURVEY,SHELTERED,0.038098620212676404,False,0.45882646942822675,0.4968621450797649,0.5349607652924413,0.4903874610796381,0.46392205301698203,0.45224305963558087
1|1|0|1|2,1,1,0,1,2,SURVEY,GATHER,0.05484905289654374,False,0.42051023439946356,0.49380110036891106,0.5769021718940821,0.5220531189975384,0.4729944106854883,0.450530748140158
1|1|0|2|0,1,1,0,2,0,DIRECT,SHELTERED,0.05716347868807786,False,0.5241524243004689,0.46698894561239107,0.4296466597502046,0.3734970311552734,0.3857756310366212,0.4110767274417016
1|1|0|2|1,1,1,0,2,1,DIRECT,SHELTERED,0.005185269527874459,True,0.5041270159344093,0.4989417464065349,0.4975134447412074,0.4113402041188938,0.41089497416640397,0.4194908053815816
1|1|0|2|2,1,1,0,2,2,SURVEY,SHELTERED,0.06726001469776632,False,0.4575979309806887,0.4798352915548806,0.5470953062526469,0.4489135035394659,0.41415301245535113,0.40901693749153917
1|1|1|0|0,1,1,1,0,0,GATHER,SURVEY,0.006777859012245702,True,0.402232371256018,0.44268649198554333,0.5524879576490518,0.5592658166612975,0.5038624226320287,0.49499309280638004
1|1|1|0|1,1,1,1,0,1,SURVEY,GATHER,0.0037356595112970625,True,0.3889830955962651,0.5141499618696647,0.58096052680893,0.5772248672976329,0.5581165303564991,0.5125659774974455
1|1|1|0|2,1,1,1,0,2,SURVEY,WAIT,0.011160344852753856,True,0.3710206426388757,0.5768930466724557,0.6094092617749856,0.5929313664909227,0.5982489169222317,0.5283595525562161
1|1|1|1|0,1,1,1,1,0,DIRECT,SHELTERED,0.0018849125295725688,True,0.4756481311316938,0.4737632186021212,0.4358989899897165,0.43799505459657484,0.42335654852032667,0.45272043373403376
1|1|1|1|1,1,1,1,1,1,SHELTERED,WAIT,0.06790526678293063,False,0.45803201877125493,0.5542463119250832,0.47694397814693873,0.46075745068314566,0.4863410451421526,0.4738269199537233
1|1|1|1|2,1,1,1,1,2,SHELTERED,WAIT,0.08941916042537867,False,0.43413879533643934,0.6246693322611171,0.5199830149629882,0.48337803418998965,0.5352501718357384,0.4932349102848162
1|1|1|2|0,1,1,1,2,0,DIRECT,SHELTERED,0.021406504274057048,False,0.5133239301506033,0.49191742587654624,0.3978906555882493,0.36460709447485057,0.38125517665467346,0.4349394883556213
1|1|1|2|1,1,1,1,2,1,SHELTERED,DIRECT,0.089704649312143,False,0.49391584823270435,0.5836204975448473,0.4430511703606726,0.39069633897617345,0.45343927470921536,0.45743418858259827
1|1|1|2|2,1,1,1,2,2,SHELTERED,WAIT,0.1563304134148078,False,0.466521054302198,0.6655177630801794,0.4917015645959767,0.41747588972165,0.5091873496653716,0.4782200452617311
1|1|2|0|0,1,1,2,0,0,GATHER,SURVEY,0.013716890115218372,True,0.39571747156532294,0.4506266762883733,0.5373689302638817,0.5510858203791,0.4943202633533576,0.5131263255357325
1|1|2|0|1,1,1,2,0,1,WAIT,GATHER,0.00040977617040149905,True,0.3807227989270012,0.5366190968321638,0.5598579457654066,0.5640905430111461,0.5645003191815476,0.5327495680695555
1|1|2|0|2,1,1,2,0,2,WAIT,SHELTERED,0.004533165800393091,True,0.36496037351434607,0.6066898492787145,0.582307766385232,0.5761663420045287,0.6112230150791076,0.5490968479621441
1|1|2|1|0,1,1,2,1,0,SHELTERED,RETURN,0.010507534229879933,True,0.4658867083884619,0.484091735165366,0.4242251028705683,0.43503241641700413,0.4165722002779387,0.4735842009354861
1|1|2|1|1,1,1,2,1,1,SHELTERED,RETURN,0.0818495815414037,False,0.44602518539672065,0.578902980869729,0.45880358991650744,0.4538130548894942,0.49537924029657715,0.4970533993283253
1|1|2|1|2,1,1,2,1,2,SHELTERED,WAIT,0.10526125695076383,False,0.4251691051253712,0.6560414965513407,0.4934060727807287,0.47215230168562494,0.5507802396005769,0.5171339749149376
1|1|2|2|0,1,1,2,2,0,SHELTERED,DIRECT,0.0068837531920673545,True,0.4991564532972729,0.5060402064893402,0.3898166286615603,0.3668115634104474,0.37792676910050693,0.4603527425605143
1|1|2|2|1,1,1,2,2,1,SHELTERED,RETURN,0.12783468510324003,False,0.47693576581873537,0.6133530900823946,0.4280724671589266,0.38910082277861546,0.4669936179613126,0.48551840497915455
1|1|2|2|2,1,1,2,2,2,SHELTERED,WAIT,0.17288937333204457,False,0.4535198986073806,0.7018286120144259,0.4668157367887146,0.4109324696651814,0.5289392386823814,0.5071380043180808
1|2|0|0|0,1,2,0,0,0,GATHER,SURVEY,0.02821277021700752,False,0.3307836428684534,0.4307673515415428,0.6000953938589975,0.628308164076005,0.562976130321671,0.5231196845118068
1|2|0|0|1,1,2,0,0,1,GATHER,SURVEY,0.01600258062510418,False,0.3181584712102637,0.45167168279000497,0.640048862281901,0.6560514429070052,0.5853964869448403,0.5322715534685608
1|2|0|0|2,1,2,0,0,2,GATHER,SURVEY,0.008446691544276463,True,0.2936322271741006,0.4511018833112213,0.6652383808700951,0.6736850724143716,0.5900549661421759,0.5295222385557814
1|2|0|1|0,1,2,0,1,0,SURVEY,GATHER,0.01909692006957442,False,0.4016041655164285,0.44247062891406336,0.53658762392784,0.5174907038582656,0.4922580603018599,0.48648501066764444
1|2|0|1|1,1,2,0,1,1,SURVEY,GATHER,0.03965034290366087,False,0.38417366907805467,0.464967147024682,0.5913870549134079,0.551736712009747,0.5183608132243127,0.49678528565679214
1|2|0|1|2,1,2,0,1,2,SURVEY,GATHER,0.04894759634760637,False,0.34936434606093203,0.45396687733152746,0.6286162917141582,0.5796686953665519,0.5240363071353412,0.4916241795681564
1|2|0|2|0,1,2,0,2,0,SURVEY,RETURN,0.04892804898685876,False,0.4451406574564762,0.43799933963253374,0.5091572283467447,0.4369050130885737,0.44189431495854303,0.46022917935988594
1|2|0|2|1,1,2,0,2,1,SURVEY,GATHER,0.0964385611771249,False,0.4264541665977249,0.45710907908647713,0.5724739140576837,0.47603535288055876,0.4684644462048971,0.4677780507209424
1|2|0|2|2,1,2,0,2,2,SURVEY,GATHER,0.1068486771970486,False,0.3834149274614883,0.42779400176600874,0.6164016093123359,0.5095529321152873,0.4673384836075809,0.45286131384934325
1|2|1|0|0,1,2,1,0,0,GATHER,SURVEY,0.05128964480841569,False,0.33347855861088166,0.429805826031086,0.5513612729558289,0.6026509177642446,0.5496146116108139,0.5371067354627671
1|2|1|0|1,1,2,1,0,1,GATHER,WAIT,0.014683627615693307,True,0.3218229827055881,0.4994404338550836,0.5827082245582073,0.6207393136688699,0.6060556860531766,0.5536515073765046
1|2|1|0|2,1,2,1,0,2,WAIT,GATHER,0.010646134805748053,True,0.30604598178346415,0.5614234561933894,0.6132141562840967,0.6348175165584014,0.6454636513641494,0.5682092884673501
1|2|1|1|0,1,2,1,1,0,RETURN,GATHER,0.009312072649465486,True,0.40151365707154496,0.4568456139544373,0.48735018974531974,0.4967090081347861,0.48108623890530766,0.5060210807842516
1|2|1|1|1,1,2,1,1,1,WAIT,SHELTERED,0.011372472118092003,True,0.38517626779568076,0.5357822494747795,0.5284495361354609,0.5196171213279871,0.5471547215928715,0.526164788163697
1|2|1|1|2,1,2,1,1,2,SHELTERED,WAIT,0.009719561806753374,True,0.36320371452411165,0.6053130036318171,0.5699706924379545,0.5405304116572676,0.5955934418250637,0.5442753390378149
1|2|1|2|0,1,2,1,2,0,RETURN,SHELTERED,0.0183591976114853,False,0.4376558569263632,0.47397387551423953,0.4660294363957328,0.42538573845345495,0.44113478039684945,0.49233307312572483
1|2|1|2|1,1,2,1,2,1,SHELTERED,WAIT,0.047137347646143524,False,0.41926191968029924,0.5648472708456066,0.5115012776355233,0.45198983189746367,0.5177099231994631,0.5141450017713437
1|2|1|2|2,1,2,1,2,2,SHELTERED,WAIT,0.07193156926337263,False,0.39355894659403146,0.6455001577309925,0.558658730479566,0.47726690246169595,0.5735685884676198,0.5338505475234571
1|2|2|0|0,1,2,2,0,0,GATHER,RETURN,0.03167535716107528,False,0.3283360530381492,0.44088019756674696,0.5297948829184798,0.5936390390187113,0.5431270366049474,0.561963681857636
1|2|2|0|1,1,2,2,0,1,WAIT,GATHER,0.01195716901456867,True,0.314995514294775,0.5266828509074113,0.555778691693035,0.6055759885609281,0.6175331575754968,0.580335047289133
1|2|2|0|2,1,2,2,0,2,WAIT,GATHER,0.04733358440638136,False,0.3011245833722675,0.596265787618286,0.5809883075062262,0.6159902182341385,0.6633238026405198,0.5953125603250756
1|2|2|1|0,1,2,2,1,0,RETURN,GATHER,0.04128862382518006,False,0.3935729844294274,0.4723147579689581,0.46672467959522923,0.49211575219519976,0.4760850817686502,0.5334043760203798
1|2|2|1|1,1,2,2,1,1,SHELTERED,WAIT,0.007796377421911194,True,0.37500211375811626,0.5679549649994743,0.5021128942378597,0.509924295121783,0.5601585875775631,0.5557793259888022
1|2|2|1|2,1,2,2,1,2,SHELTERED,WAIT,0.02924581144036087,False,0.35577526004216864,0.644293812823103,0.5366723134087341,0.5265557568632169,0.6150480013827422,0.574522066309342
1|2|2|2|0,1,2,2,2,0,RETURN,SHELTERED,0.02905346587254032,False,0.4257396021739808,0.4956825129835748,0.44744793254040255,0.42552462374274086,0.4393078138372104,0.5247359788561151
1|2|2|2|1,1,2,2,2,1,SHELTERED,RETURN,0.05614402412402186,False,0.40451439584329313,0.6052299004626119,0.48664965259029846,0.4472521661755454,0.5351316741087745,0.5490858763385901
1|2|2|2|2,1,2,2,2,2,SHELTERED,WAIT,0.09506791454170083,False,0.3824949282844652,0.6922297775215109,0.5255022983919327,0.46766892971878216,0.5971618629798101,0.5696003812900565
2|0|0|0|0,2,0,0,0,0,SURVEY,DIRECT,0.0056722297305523695,True,0.550118703291615,0.42806679155114785,0.5557909330221674,0.46399036257502285,0.36392084913631595,0.3204726464614753
2|0|0|0|1,2,0,0,0,1,SURVEY,DIRECT,0.03920406677278909,False,0.5380637735767987,0.47900494276610867,0.5772678403495878,0.4784310572652811,0.3784902818294017,0.3257702178969144
2|0|0|0|2,2,0,0,0,2,SURVEY,DIRECT,0.08758999923631894,False,0.5091007599217778,0.5080258073299282,0.5966907591580968,0.4922339385667334,0.38103637396862056,0.31870652596902593
2|0|0|1|0,2,0,0,1,0,DIRECT,SHELTERED,0.17692215529187083,False,0.648654001355964,0.47173184606409313,0.3294523061801583,0.30264867730216355,0.24941852499310682,0.2477945054874111
2|0|0|1|1,2,0,0,1,1,DIRECT,SHELTERED,0.10413592522928372,False,0.6367508262798593,0.5326149010505756,0.36893193870836627,0.31572460591809,0.26038504124956285,0.2468357056460364
2|0|0|1|2,2,0,0,1,2,DIRECT,SHELTERED,0.04250700927533324,False,0.6016106170002145,0.5591036077248812,0.4096652086713316,0.3301517271448764,0.25550423427801383,0.22666770465284902
2|0|0|2|0,2,0,0,2,0,DIRECT,SHELTERED,0.22672962981756378,False,0.7182603142416321,0.4915306844240683,0.2607273962344543,0.19892922566854535,0.16436819301906053,0.1904308461144318
2|0|0|2|1,2,0,0,2,1,DIRECT,SHELTERED,0.15373773973660865,False,0.7136373159561017,0.559899576219493,0.29334613217390754,0.20493471984180855,0.1636192135958185,0.1715020183550622
2|0|0|2|2,2,0,0,2,2,DIRECT,SHELTERED,0.10365427833105267,False,0.6822347261801646,0.5785804478491119,0.34082837795707555,0.2123010064063119,0.15434546518285575,0.1386864423108204
2|0|1|0|0,2,0,1,0,0,SURVEY,DIRECT,0.008083868100919878,True,0.5382593967872579,0.43380446462082595,0.5463432648881777,0.4633395121300545,0.3711620975578681,0.34998192433074715
2|0|1|0|1,2,0,1,0,1,SURVEY,DIRECT,0.03162455564370903,False,0.5265737715500477,0.5064432143897981,0.5581983271937567,0.4744960447461016,0.41379759439134367,0.36538129826503923
2|0|1|0|2,2,0,1,0,2,SURVEY,SHELTERED,0.0025110601396231003,True,0.5099990934384482,0.5700266171623597,0.5725376773019828,0.48570285062085,0.45170371036609575,0.37956358496624576
2|0|1|1|0,2,0,1,1,0,DIRECT,SHELTERED,0.14554960840011544,False,0.6262548811804035,0.4807052727802881,0.3312277328249963,0.3113426099671751,0.27134214814465984,0.2939553376783308
2|0|1|1|1,2,0,1,1,1,DIRECT,SHELTERED,0.04957633885963586,False,0.6119492826477964,0.5623729437881605,0.35512428377210503,0.3249496745752334,0.32152235448055244,0.3112476266360503
2|0|1|1|2,2,0,1,1,2,SHELTERED,DIRECT,0.0430523335296904,False,0.5912324202093513,0.6342847537390417,0.3864315819970353,0.34009795261446274,0.3671963379691225,0.3277588200214185
2|0|1|2|0,2,0,1,2,0,DIRECT,SHELTERED,0.17330468033280066,False,0.6766733807669961,0.5033687004341955,0.2733826298829033,0.21731875634279907,0.21474518238794574,0.2665809854348935
2|0|1|2|1,2,0,1,2,1,DIRECT,SHELTERED,0.06728422736150197,False,0.6621681737076567,0.5948839463461547,0.2988684816010135,0.2307383464732042,0.27409879786894087,0.2837464671619039
2|0|1|2|2,2,0,1,2,2,SHELTERED,DIRECT,0.039278766141123134,False,0.6393000085347457,0.6785787746758688,0.3336661834310077,0.24679495687234368,0.3268232631518036,0.30022532727277074
2|0|2|0|0,2,0,2,0,0,SURVEY,DIRECT,0.017924415589920084,False,0.5247716666401442,0.44296967179963787,0.5426960822300643,0.46383793256924566,0.3753687441883685,0.37900360015106277
2|0|2|0|1,2,0,2,0,1,SURVEY,SHELTERED,0.026856725512520052,False,0.5107160108720702,0.5252071949548323,0.5520639204673523,0.47369501419669613,0.43112786822073135,0.397531684243643
2|0|2|0|2,2,0,2,0,2,SHELTERED,SURVEY,0.03296681229522802,False,0.49225838674417866,0.5937340088316829,0.5607671965364549,0.4816793077255747,0.4757719345103999,0.4131841296751098
2|0|2|1|0,2,0,2,1,0,DIRECT,SHELTERED,0.11900453103254605,False,0.6072826801834186,0.48827814915087253,0.33571859680580324,0.31769818354159546,0.280658601344065,0.32789066692877616
2|0|2|1|1,2,0,2,1,1,DIRECT,SHELTERED,0.010930173743974647,True,0.5895809236410776,0.578650749897103,0.357685015587996,0.33142512985568673,0.34520575131626935,0.34913834473151795
2|0|2|1|2,2,0,2,1,2,SHELTERED,DIRECT,0.0884598120032064,False,0.5663149705235117,0.6547747825267181,0.3819531115881039,0.3447495767073902,0.39793971501937503,0.36781146258165875
2|0|2|2|0,2,0,2,2,0,DIRECT,SHELTERED,0.13871211652065074,False,0.6499756230009051,0.5112635064802543,0.28179043223007955,0.23155687127626415,0.23152676353379673,0.3077250912847779
2|0|2|2|1,2,0,2,2,1,DIRECT,SHELTERED,0.01871109336340493,False,0.6306564168055337,0.6119453234421288,0.3063765492287553,0.2468460668943458,0.3071052531159128,0.32993977419374054
2|0|2|2|2,2,0,2,2,2,SHELTERED,DIRECT,0.09504502905604395,False,0.6044227895303607,0.6994678185864046,0.33417872432496765,0.26240947230691736,0.3668246625591175,0.34961080902476044
2|1|0|0|0,2,1,0,0,0,SURVEY,GATHER,0.05452945327814174,False,0.49413216711818897,0.4061503178608123,0.5563817664857611,0.5018523132076194,0.3980047035135102,0.34968685189095206
2|1|0|0|1,2,1,0,0,1,SURVEY,GATHER,0.06413790920391049,False,0.4828729126992732,0.45001447188027965,0.581223611674381,0.5170857024704705,0.41434828577486715,0.3556919523934853
2|1|0|0|2,2,1,0,0,2,SURVEY,GATHER,0.0732920445091112,False,0.4555007310783388,0.47273038587280386,0.6028683341777191,0.5295762896686079,0.41624023556660833,0.34795808747689977
2|1|0|1|0,2,1,0,1,0,DIRECT,SHELTERED,0.14439087951412238,False,0.5930746003893429,0.4486837208752205,0.3836056214297131,0.34477850390319975,0.28432390516903766,0.280088047102529
2|1|0|1|1,2,1,0,1,1,DIRECT,SHELTERED,0.08035159242863144,False,0.5813815034666163,0.5010299110379849,0.42285984045966285,0.3590198525159787,0.29743604025091624,0.2801444489759461
2|1|0|1|2,2,1,0,1,2,DIRECT,SHELTERED,0.028666581650389156,False,0.5468632931969848,0.5181967115465956,0.461938369821856,0.37279510148675965,0.29188473997297304,0.25848902414178443
2|1|0|2|0,2,1,0,2,0,DIRECT,SHELTERED,0.1929750122935901,False,0.6619660361586841,0.468991023865094,0.32977359906251263,0.23951249970793081,0.19397698893399473,0.2208932275779872
2|1|0|2|1,2,1,0,2,1,DIRECT,SHELTERED,0.12861078912443147,False,0.6571852404975143,0.5285744513730828,0.36166079100312226,0.24738306860938838,0.19593478707135673,0.203462026030975
2|1|0|2|2,2,1,0,2,2,DIRECT,SHELTERED,0.08998104504808213,False,0.6263169240455972,0.5363358789975151,0.405721993587161,0.2542168862828107,0.18728750913502054,0.16974835315910936
2|1|1|0|0,2,1,1,0,0,SURVEY,GATHER,0.03819193999565618,False,0.4855872676878452,0.4154865928974062,0.5395839739177322,0.501392033922076,0.40792223876913686,0.38402427873636874
2|1|1|0|1,2,1,1,0,1,SURVEY,GATHER,0.04143994939763207,False,0.4744927033844723,0.48592723542994704,0.5544155973369713,0.5129756479393393,0.4537350270776905,0.4002860403857267
2|1|1|0|2,2,1,1,0,2,SURVEY,SHELTERED,0.0234211439084393,False,0.4587339922604072,0.54838115895409,0.5718023028625293,0.5239120164317207,0.4932058948469555,0.4150896462079236
2|1|1|1|0,2,1,1,1,0,DIRECT,SHELTERED,0.11139751416968896,False,0.5751430022804113,0.4637454881107223,0.3729620352817895,0.3528646882623558,0.3088137910501447,0.3315098634045117
2|1|1|1|1,2,1,1,1,1,DIRECT,SHELTERED,0.01797088267532998,False,0.5608509084268362,0.5428800257515062,0.398957501138392,0.3674904326200989,0.36356596925452195,0.35022809196624854
2|1|1|1|2,2,1,1,1,2,SHELTERED,DIRECT,0.0724293656778594,False,0.5400863034482206,0.61251566912608,0.4314266563100113,0.38316893047838757,0.4120257616767886,0.3675051204385575
2|1|1|2|0,2,1,1,2,0,DIRECT,SHELTERED,0.13774976674862555,False,0.6269918403324383,0.4892420735838127,0.3262787125646966,0.2560174818015708,0.24890194751333053,0.30427198869384703
2|1|1|2|1,2,1,1,2,1,DIRECT,SHELTERED,0.03303103847891098,False,0.6122308504296521,0.5791998119507411,0.35353270419322647,0.2713039189672139,0.3145753448069566,0.32333315275379565
2|1|1|2|2,2,1,1,2,2,SHELTERED,DIRECT,0.07161321573328627,False,0.5888565612857748,0.6604697770190611,0.3889390342097317,0.2884882428884808,0.37130938899740107,0.34069545076310614
2|1|2|0|0,2,1,2,0,0,SURVEY,GATHER,0.028829731082090748,False,0.47445789926207244,0.4288222977834817,0.5305244620773609,0.5016947309952702,0.41378336083218603,0.4173771389050945
2|1|2|0|1,2,1,2,0,1,SURVEY,GATHER,0.03147530252266273,False,0.46088520818928147,0.5107089424628044,0.5429338623124343,0.5114585597897716,0.47368679159520966,0.43662109950160044
2|1|2|0|2,2,1,2,0,2,SHELTERED,SURVEY,0.024190108727259463,False,0.4431179048258648,0.5786045920600041,0.5544144833327447,0.5183249486374906,0.5196897434870996,0.452674224306862
2|1|2|1|0,2,1,2,1,0,DIRECT,SHELTERED,0.08259474239106412,False,0.5588894817387248,0.47629473934766065,0.3674282602172953,0.35850575924423456,0.3193781502980618,0.36965142548712754
2|1|2|1|1,2,1,2,1,1,SHELTERED,DIRECT,0.02559228599475183,False,0.5409751809965255,0.5665674669912774,0.3922474896056912,0.37295749696441605,0.38960610372828414,0.3922023703380965
2|1|2|1|2,2,1,2,1,2,SHELTERED,DIRECT,0.12365687239082879,False,0.5174327763989449,0.6410896487897737,0.4183023393159212,0.3862131180140903,0.44500937537370144,0.41150434385727414
2|1|2|2|0,2,1,2,2,0,DIRECT,SHELTERED,0.10045809964187014,False,0.6035796663067478,0.5031215666648776,0.32253834041170326,0.2689833211807842,0.2673799556636444,0.35017079024237874
2|1|2|2|1,2,1,2,2,1,SHELTERED,DIRECT,0.02180317645964558,False,0.5836196169160975,0.6054227933757431,0.3499852834778483,0.28597683364242443,0.35054801467534313,0.37411018532359763
2|1|2|2|2,2,1,2,2,2,SHELTERED,DIRECT,0.1348883398445434,False,0.5564977337646119,0.6913860736091553,0.37944875134206113,0.30222137064406485,0.414048064725606,0.3945728303502028
2|2|0|0|0,2,2,0,0,0,SURVEY,GATHER,0.013263662249601849,True,0.4158995081695438,0.3743496134467755,0.5645402711543579,0.551276608904756,0.44080655981209577,0.3863970168787312
2|2|0|0|1,2,2,0,0,1,SURVEY,GATHER,0.024270633058997237,False,0.4059065153106766,0.40914757471519075,0.5913973305320157,0.5671266974730185,0.4592663221344005,0.39208233088067573
2|2|0|0|2,2,2,0,0,2,SURVEY,GATHER,0.037312224892623425,False,0.3813166599087597,0.42469878721452464,0.6138712912943048,0.5765590664016814,0.45980094219194223,0.38237097062338565
2|2|0|1|0,2,2,0,1,0,DIRECT,SURVEY,0.04501561499511153,False,0.5102880388957628,0.4076579128738562,0.46527242390065127,0.4095564296193327,0.33693307696361713,0.32474578599187903
2|2|0|1|1,2,2,0,1,1,SURVEY,DIRECT,0.0022365436895733226,True,0.49916783222863087,0.44783324107504596,0.5014043759182042,0.4247365281043061,0.3527168585870833,0.32460068028505373
2|2|0|1|2,2,2,0,1,2,SURVEY,DIRECT,0.06879658762587432,False,0.46666319425342123,0.45453666661024417,0.5354597818792955,0.43533290977498496,0.3452297764407884,0.3000341275165585
2|2|0|2|0,2,2,0,2,0,DIRECT,SURVEY,0.1431603417714598,False,0.5763892294276383,0.423015479584238,0.43322888765617845,0.30924404042905806,0.24674377500844574,0.2663691752849069
2|2|0|2|1,2,2,0,2,1,DIRECT,SHELTERED,0.10261603412971015,False,0.571494832567556,0.4688787984378458,0.4633700639409628,0.3187209786117517,0.25288567966757425,0.24919657831349898
2|2|0|2|2,2,2,0,2,2,DIRECT,SURVEY,0.04110404037291038,False,0.5423169589333459,0.4667204919923481,0.5012129185604355,0.3220420943517377,0.24335637428069662,0.21356104217196437
2|2|1|0|0,2,2,1,0,0,GATHER,SURVEY,0.01662956006649363,False,0.4111589304907872,0.3890793523006787,0.5359372437421356,0.5525668038086292,0.4579096810502407,0.4298202942996238
2|2|1|0|1,2,2,1,0,1,GATHER,SURVEY,0.010524390455790122,True,0.4010779848683112,0.45718790682422283,0.5538079540450326,0.5643323445008227,0.5068639697693356,0.4457755622056401
2|2|1|0|2,2,2,1,0,2,GATHER,SURVEY,9.31652930981075e-05,True,0.3867467823443721,0.519266291967575,0.5740066837968865,0.5740998490899846,0.5471982062472662,0.4600287383050892
2|2|1|1|0,2,2,1,1,0,DIRECT,SURVEY,0.06018875962324233,False,0.498210829356505,0.4336994138256882,0.4380220697332627,0.41694669934322287,0.36685551076111095,0.38551238415077715
2|2|1|1|1,2,2,1,1,1,SHELTERED,DIRECT,0.025626206114231553,False,0.4843095627660919,0.5099357688803234,0.46469336607076794,0.4322146370845103,0.42624838517314,0.40444938556166554
2|2|1|1|2,2,2,1,1,2,SHELTERED,SURVEY,0.0817011331782242,False,0.4642682266637052,0.5781350829311904,0.49643394975296623,0.44726491005027486,0.4767203287179031,0.4215902489780063
2|2|1|2|0,2,2,1,2,0,DIRECT,SHELTERED,0.09039354836174801,False,0.5503349083185352,0.45994135995678714,0.40965551139365985,0.3219940376030849,0.3065134556434011,0.3603967088458529
2|2|1|2|1,2,2,1,2,1,SHELTERED,DIRECT,0.011609688018341058,True,0.5355631683418015,0.5471728563601426,0.437714579231347,0.33846975845501,0.3783882685682992,0.3801268552540787
2|2|1|2|2,2,2,1,2,2,SHELTERED,DIRECT,0.11333056574937517,False,0.5124031349609195,0.6257337007102947,0.47238847867455014,0.3554628118871635,0.43831639734350003,0.39777026808433147
2|2|2|0|0,2,2,2,0,0,GATHER,SURVEY,0.03586370119845461,False,0.402672628405011,0.4086715762731221,0.5173850790226855,0.5532487802211401,0.46861060787538333,0.4713589508098566
2|2|2|0|1,2,2,2,0,1,GATHER,SURVEY,0.028712351031681793,False,0.39008486349663335,0.4905017049039212,0.5335799136241296,0.5622922646558114,0.5330058288088929,0.4901358044096396
2|2|2|0|2,2,2,2,0,2,WAIT,GATHER,0.012734399569540256,True,0.3736840963712672,0.5583758943550164,0.5483072042558855,0.5665986075284474,0.5793330070979876,0.5054324391384305
2|2|2|1|0,2,2,2,1,0,DIRECT,SHELTERED,0.030208569754590464,False,0.48536463497497906,0.4551560652203886,0.41808277686518086,0.4214343192043171,0.3808262909362237,0.43181526203020204
2|2|2|1|1,2,2,2,1,1,SHELTERED,DIRECT,0.07810700585342939,False,0.4676696315236167,0.5457766373770461,0.44470683025907126,0.43588470559034065,0.4572790359024605,0.4545516198627122
2|2|2|1|2,2,2,2,1,2,SHELTERED,WAIT,0.1048086398705157,False,0.4446695522583036,0.6191609836724414,0.47110521203114974,0.4474048621579272,0.5143523438019257,0.47358997736520336
2|2|2|2|0,2,2,2,2,0,DIRECT,SHELTERED,0.0456533109287276,False,0.5312473197207739,0.4855940087920463,0.3893543250755081,0.33205055161862657,0.32824131110849897,0.4152005615402342
2|2|2|2|1,2,2,2,2,1,SHELTERED,DIRECT,0.07878386953585947,False,0.5109239792683886,0.5897078488042481,0.41867659822399517,0.3497836557836066,0.4195420458458425,0.43980871827565676
2|2|2|2|2,2,2,2,2,2,SHELTERED,WAIT,0.1873009278853215,False,0.4836727783395839,0.6731760158847779,0.4484978780942905,0.3649727915430758,0.48587508799945645,0.4604274102114974
